latitude,longitude,brightness,scan,track,acq_date,acq_time,satellite,instrument,confidence,version,bright_t31,frp,daynight
17.36847,75.56014,315.28,1.08,1.04,2026-08-01,0400,Terra,MODIS,57,6.1NRT,296.22,7.1,D
12.3302,79.6273,324.87,1.18,1.08,2026-08-01,0958,Aqua,MODIS,75,6.1NRT,297.92,12.59,D
22.20941,84.86211,309.64,1,1,2026-08-01,1452,Terra,MODIS,78,6.1NRT,292.01,6.05,N
23.78041,86.21564,307.05,1.01,1.01,2026-08-01,2208,Aqua,MODIS,70,6.1NRT,290.94,5.48,N
23.82097,84.57587,305.25,1.02,1.01,2026-08-01,2208,Aqua,MODIS,43,6.1NRT,286.99,7.73,N
21.19598,81.41913,306.22,1.31,1.13,2026-08-01,2210,Aqua,MODIS,67,6.1NRT,289.61,7.79,N
8.8271,78.08819,319.79,1.46,1.19,2026-08-01,2212,Aqua,MODIS,99,6.1NRT,289.46,27.64,N
8.76382,78.18868,306.42,1.43,1.18,2026-08-01,2212,Aqua,MODIS,29,6.1NRT,290.02,11.67,N
11.11728,79.25729,311.23,1.07,1.03,2026-08-02,1526,Terra,MODIS,82,6.1NRT,286.52,8.58,N
14.08998,78.12283,307.09,1.03,1.01,2026-08-02,1526,Terra,MODIS,70,6.1NRT,293.44,5,N
22.14031,72.23269,312.84,2.61,1.55,2026-08-03,0336,Terra,MODIS,45,6.1NRT,285.47,32.57,D
20.96492,85.17709,313.15,1.82,1.32,2026-08-03,0336,Terra,MODIS,66,6.1NRT,285.03,16.58,D
20.70657,78.62365,308.53,1.02,1.01,2026-08-03,0336,Terra,MODIS,63,6.1NRT,285.98,4.99,D
24.0728,69.47696,326.64,3.28,1.71,2026-08-03,1117,Aqua,MODIS,80,6.1NRT,290.92,94.41,D
24.07264,69.48524,325.57,3.28,1.71,2026-08-03,1117,Aqua,MODIS,79,6.1NRT,290.78,87.99,D
19.38214,73.21275,310.99,1.38,1.16,2026-08-04,0417,Terra,MODIS,38,6.1NRT,291.43,8.64,D
12.71933,79.76971,323.68,1.07,1.03,2026-08-04,1013,Aqua,MODIS,73,6.1NRT,298.82,11.34,D
15.81791,80.07101,314.91,1.32,1.14,2026-08-05,0319,Terra,MODIS,61,6.1NRT,284.93,8.14,D
25.77991,73.69463,302.32,1.41,1.17,2026-08-05,1550,Terra,MODIS,33,6.1NRT,286.85,5.07,N
25.94194,72.18545,327.96,1.16,1.07,2026-08-05,1550,Terra,MODIS,100,6.1NRT,296.3,27.81,N
25.94331,72.19675,327.41,1.17,1.07,2026-08-05,1550,Terra,MODIS,100,6.1NRT,296.49,26.97,N
21.10371,72.63623,313.8,1.12,1.06,2026-08-06,0357,Terra,MODIS,46,6.1NRT,293.1,7.82,D
21.10234,72.64673,318.62,1.12,1.06,2026-08-06,0357,Terra,MODIS,55,6.1NRT,292.67,13.09,D
32.31604,75.50876,315.29,1.26,1.12,2026-08-06,0956,Aqua,MODIS,65,6.1NRT,297.16,8.24,D
23.80373,86.32697,303,1.02,1.01,2026-08-06,2159,Aqua,MODIS,20,6.1NRT,291.83,4.94,N
23.78398,86.21463,304.81,1.03,1.01,2026-08-06,2201,Aqua,MODIS,62,6.1NRT,292,4.15,N
18.68888,73.03724,303.8,1.28,1.12,2026-08-07,1529,Terra,MODIS,42,6.1NRT,291.5,6.14,N
25.94122,72.18837,306.15,1.13,1.06,2026-08-07,1529,Terra,MODIS,62,6.1NRT,293.6,4.46,N
25.5813,88.02829,310.78,2.28,1.46,2026-08-08,0334,Terra,MODIS,27,6.1NRT,290.31,17.63,D
14.77439,79.7958,319.09,1.05,1.02,2026-08-08,0338,Terra,MODIS,73,6.1NRT,296.38,9.39,D
15.03625,79.52296,322.85,1.03,1.01,2026-08-08,0338,Terra,MODIS,77,6.1NRT,296.12,13.76,D
14.14203,79.63628,315.78,1.05,1.02,2026-08-08,0338,Terra,MODIS,68,6.1NRT,291.52,7.63,D
14.14062,79.6457,320.39,1.05,1.02,2026-08-08,0338,Terra,MODIS,75,6.1NRT,292.17,11.94,D
13.7784,79.96626,311.74,1.08,1.04,2026-08-08,0338,Terra,MODIS,56,6.1NRT,288.67,6.84,D
29.7293,78.01792,313.19,2.25,1.45,2026-08-08,0934,Aqua,MODIS,68,6.1NRT,294.43,16.55,D
23.6655,87.15344,305.73,1.19,1.09,2026-08-08,1429,Terra,MODIS,65,6.1NRT,291.05,5.28,N
23.82487,84.56622,304.21,1.72,1.29,2026-08-08,1429,Terra,MODIS,59,6.1NRT,289.24,8.21,N
27.9823,94.22334,309.47,1.1,1.05,2026-08-09,0234,Terra,MODIS,55,6.1NRT,294.14,5.47,D
13.42697,79.838,324.03,1,1,2026-08-09,1006,Aqua,MODIS,73,6.1NRT,299.25,11.19,D
8.72471,77.55059,321.34,1.32,1.14,2026-08-09,1006,Aqua,MODIS,35,6.1NRT,296.8,11.72,D
21.75897,84.01004,311.92,2.01,1.38,2026-08-09,1009,Aqua,MODIS,48,6.1NRT,291.89,12.98,D
14.78337,79.71379,322.86,1,1,2026-08-09,1009,Aqua,MODIS,71,6.1NRT,302.29,6.5,D
14.01376,79.87423,323.21,1,1,2026-08-09,1009,Aqua,MODIS,73,6.1NRT,300.87,9.83,D
14.78999,79.70995,307.72,1.16,1.07,2026-08-09,1507,Terra,MODIS,72,6.1NRT,295.27,4.39,N
23.76416,86.39351,305.61,2.03,1.39,2026-08-09,1509,Terra,MODIS,59,6.1NRT,290.23,10.41,N
23.70047,86.06499,304.88,1.91,1.35,2026-08-09,1509,Terra,MODIS,62,6.1NRT,290.43,9.22,N
20.96908,85.17149,310.03,1.16,1.07,2026-08-09,2216,Aqua,MODIS,69,6.1NRT,291.41,8.29,N
20.96554,85.19292,309.02,1.16,1.07,2026-08-09,2216,Aqua,MODIS,76,6.1NRT,291.09,8.02,N
20.79773,85.26044,310.19,1.18,1.08,2026-08-09,2216,Aqua,MODIS,79,6.1NRT,288.57,10.08,N
20.86819,84.9929,305.82,1.14,1.06,2026-08-09,2216,Aqua,MODIS,66,6.1NRT,291.23,5.25,N
20.97838,85.17325,306.62,1.16,1.07,2026-08-09,2216,Aqua,MODIS,24,6.1NRT,291.17,5.51,N
20.96732,85.18217,307.62,1.16,1.07,2026-08-09,2216,Aqua,MODIS,72,6.1NRT,291.25,6.61,N
9.71922,77.60041,317.27,1.19,1.08,2026-08-09,2220,Aqua,MODIS,95,6.1NRT,291.92,17.43,N
9.7178,77.61026,307.04,1.18,1.08,2026-08-09,2220,Aqua,MODIS,70,6.1NRT,292.21,7.32,N
9.72715,77.61228,319.43,1.18,1.08,2026-08-09,2220,Aqua,MODIS,99,6.1NRT,291.3,19.98,N
23.67943,86.39457,309.04,1.02,1.01,2026-08-10,0315,Terra,MODIS,0,6.1NRT,286.21,5.12,D
23.78095,86.21029,307.3,1.01,1.01,2026-08-10,0315,Terra,MODIS,48,6.1NRT,283.34,5.71,D
20.9624,86.01554,318.77,1.04,1.02,2026-08-10,0317,Terra,MODIS,76,6.1NRT,282.65,14.33,D
21.17596,81.38583,312.35,1.31,1.14,2026-08-10,0317,Terra,MODIS,0,6.1NRT,292.77,8.47,D
9.85237,78.15202,318.42,1.53,1.22,2026-08-10,0319,Terra,MODIS,67,6.1NRT,296.87,12.92,D
9.71639,77.61003,315.73,1.67,1.27,2026-08-10,0319,Terra,MODIS,54,6.1NRT,295.32,14.13,D
9.71811,77.59658,319.5,1.67,1.27,2026-08-10,0319,Terra,MODIS,69,6.1NRT,295.45,20.71,D
24.98313,88.1963,315.95,1.4,1.17,2026-08-10,0911,Aqua,MODIS,34,6.1NRT,293.99,10.98,D
24.99324,88.19411,316.86,1.4,1.17,2026-08-10,0911,Aqua,MODIS,51,6.1NRT,293.08,12.47,D
18.55678,74.4977,302.96,1.24,1.11,2026-08-10,1546,Terra,MODIS,52,6.1NRT,291.05,5.59,N
18.68412,73.0426,316.62,1.07,1.03,2026-08-10,1546,Terra,MODIS,94,6.1NRT,293.97,13.63,N
29.45851,76.86754,302.22,1.05,1.02,2026-08-10,2254,Aqua,MODIS,48,6.1NRT,275.18,6.17,N
18.68211,73.04715,305.34,1,1,2026-08-10,2257,Aqua,MODIS,64,6.1NRT,291.53,5.24,N
17.95852,74.41457,313.98,1,1,2026-08-11,0357,Terra,MODIS,67,6.1NRT,294.58,6.38,D
17.18415,78.51022,310.27,1.52,1.22,2026-08-11,0357,Terra,MODIS,34,6.1NRT,291.62,8.02,D
17.68162,78.43327,309.31,1.47,1.2,2026-08-11,0357,Terra,MODIS,47,6.1NRT,293.1,8.09,D
17.58746,78.50776,314.41,1.49,1.21,2026-08-11,0357,Terra,MODIS,53,6.1NRT,293.6,11.66,D
17.57694,78.50587,311.75,1.49,1.21,2026-08-11,0357,Terra,MODIS,41,6.1NRT,293.48,8.57,D
20.78662,85.25729,310.98,1.06,1.03,2026-08-11,0947,Aqua,MODIS,69,6.1NRT,285.02,6.69,D
21.75124,83.83923,315.53,1,1,2026-08-11,0947,Aqua,MODIS,65,6.1NRT,295.64,5.57,D
21.74252,83.8407,328.01,1,1,2026-08-11,0947,Aqua,MODIS,63,6.1NRT,295.29,17.42,D
16.57996,80.63852,323.8,1.46,1.19,2026-08-11,0947,Aqua,MODIS,74,6.1NRT,297.19,22.65,D
14.98004,79.39266,320.68,1.93,1.36,2026-08-11,0947,Aqua,MODIS,65,6.1NRT,298.88,23.23,D
14.98297,79.40968,319.32,1.93,1.36,2026-08-11,0947,Aqua,MODIS,59,6.1NRT,296.84,18.38,D
22.35292,82.29892,315.07,1.03,1.01,2026-08-11,0949,Aqua,MODIS,71,6.1NRT,296.19,7.19,D
25.77194,84.90147,318.88,1.13,1.06,2026-08-11,0949,Aqua,MODIS,39,6.1NRT,299.25,9.45,D
24.62771,79.08567,312.65,1.34,1.15,2026-08-11,0949,Aqua,MODIS,48,6.1NRT,293.71,6.37,D
21.91793,83.3487,317.95,1,1,2026-08-11,0949,Aqua,MODIS,72,6.1NRT,295.52,9.08,D
23.56334,87.23148,302.96,1.11,1.05,2026-08-11,1448,Terra,MODIS,23,6.1NRT,285.9,5.38,N
20.76189,85.29624,301.86,1.01,1,2026-08-11,1448,Terra,MODIS,28,6.1NRT,282.06,3.42,N
22.36693,87.29932,306.54,1.09,1.04,2026-08-11,1448,Terra,MODIS,65,6.1NRT,286.13,5.22,N
23.66471,87.15631,306.24,1.1,1.05,2026-08-11,1448,Terra,MODIS,39,6.1NRT,289.18,6.99,N
23.67728,86.39293,305.72,1.04,1.02,2026-08-11,1448,Terra,MODIS,21,6.1NRT,286.33,5.38,N
23.68619,86.39152,305.41,1.04,1.02,2026-08-11,1448,Terra,MODIS,15,6.1NRT,285.01,5.17,N
23.71334,86.45167,308.28,1.04,1.02,2026-08-11,1448,Terra,MODIS,70,6.1NRT,292.51,5.82,N
23.6751,86.08691,306.68,1.02,1.01,2026-08-11,1448,Terra,MODIS,45,6.1NRT,291.74,5.12,N
23.70034,86.07301,307.41,1.02,1.01,2026-08-11,1448,Terra,MODIS,69,6.1NRT,290.15,5.43,N
23.76176,86.40361,308.31,1.04,1.02,2026-08-11,1448,Terra,MODIS,45,6.1NRT,286.73,6.1,N
23.80784,86.32999,308.89,1.04,1.02,2026-08-11,1448,Terra,MODIS,73,6.1NRT,293.27,5.86,N
23.79785,86.35374,306.42,1.18,1.08,2026-08-11,2155,Aqua,MODIS,29,6.1NRT,292.75,5.42,N
23.6694,87.16036,305.3,1.08,1.04,2026-08-11,2155,Aqua,MODIS,57,6.1NRT,292.65,4.37,N
23.77165,86.40636,308.17,1.17,1.08,2026-08-11,2155,Aqua,MODIS,11,6.1NRT,292.53,6.22,N
22.57858,85.89685,300.27,1.2,1.09,2026-08-11,2155,Aqua,MODIS,23,6.1NRT,282.37,3.44,N
21.19678,81.41888,305,2.34,1.48,2026-08-11,2155,Aqua,MODIS,60,6.1NRT,287.7,19.34,N
23.81025,86.33291,305.1,1.18,1.08,2026-08-11,2155,Aqua,MODIS,25,6.1NRT,292.47,4.59,N
23.6932,87.12224,307.1,1.09,1.04,2026-08-11,2155,Aqua,MODIS,66,6.1NRT,293.03,5.44,N
23.67997,86.39765,307.78,1.17,1.08,2026-08-11,2155,Aqua,MODIS,71,6.1NRT,292.64,7.05,N
23.76226,86.40489,309.98,1.17,1.08,2026-08-11,2155,Aqua,MODIS,45,6.1NRT,292.52,7.9,N
23.64706,85.4372,310.92,1.64,1.26,2026-08-12,0256,Terra,MODIS,60,6.1NRT,289.15,10,D
23.6778,86.09553,315.33,1.48,1.2,2026-08-12,0256,Terra,MODIS,45,6.1NRT,292.7,10.81,D
23.80658,86.33005,311.53,1.43,1.18,2026-08-12,0256,Terra,MODIS,29,6.1NRT,287.71,8.23,D
8.17326,77.54286,313.69,1.01,1,2026-08-12,1021,Aqua,MODIS,59,6.1NRT,296.71,5.32,D
29.31806,74.34478,321.89,1.11,1.05,2026-08-12,1028,Aqua,MODIS,69,6.1NRT,297.06,11.22,D
9.65784,77.57097,306.64,1.02,1.01,2026-08-12,1524,Terra,MODIS,30,6.1NRT,289.16,4.54,N
18.71037,74.45409,300.95,1.1,1.05,2026-08-12,1526,Terra,MODIS,28,6.1NRT,284.06,5.25,N
10.49265,77.37737,307.26,1.03,1.01,2026-08-12,2237,Aqua,MODIS,71,6.1NRT,289.12,6.94,N
10.53207,77.49126,300.42,1.03,1.01,2026-08-12,2237,Aqua,MODIS,27,6.1NRT,286.92,3.11,N
9.48689,78.81081,322.56,1.39,1.17,2026-08-14,1000,Aqua,MODIS,71,6.1NRT,298.39,11.18,D
17.59928,80.63538,311.98,1,1,2026-08-14,1002,Aqua,MODIS,57,6.1NRT,286.74,6.51,D
15.64684,79.24468,321.02,1.09,1.04,2026-08-14,1002,Aqua,MODIS,65,6.1NRT,285.81,12.99,D
23.78196,86.21371,300.01,1.03,1.01,2026-08-14,2210,Aqua,MODIS,8,6.1NRT,276.4,4.39,N
23.77787,86.39138,315.41,1.01,1.01,2026-08-15,0315,Terra,MODIS,66,6.1NRT,292.97,9.3,D
23.66339,87.15561,304.69,1.06,1.03,2026-08-15,0315,Terra,MODIS,34,6.1NRT,283.03,3.56,D
28.15413,95.59835,316.37,1.13,1.06,2026-08-15,0905,Aqua,MODIS,70,6.1NRT,293.73,9.75,D
12.54404,76.30576,313.55,1.47,1.2,2026-08-15,1038,Aqua,MODIS,54,6.1NRT,293.11,11.73,D
18.57385,74.33808,305.18,1.19,1.09,2026-08-15,1544,Terra,MODIS,63,6.1NRT,289.42,7.57,N
10.53775,77.21249,304.71,1.63,1.26,2026-08-15,2252,Aqua,MODIS,61,6.1NRT,283.65,13.62,N
11.48517,77.27206,315.72,1.49,1.21,2026-08-16,0357,Terra,MODIS,70,6.1NRT,293.95,12.75,D
23.64414,85.43589,313.89,1.01,1,2026-08-16,0941,Aqua,MODIS,51,6.1NRT,293.03,6.69,D
23.82533,84.56892,304.3,1.01,1.01,2026-08-16,1446,Terra,MODIS,59,6.1NRT,288.08,4.07,N
23.65186,85.43539,306.1,1,1,2026-08-16,1446,Terra,MODIS,67,6.1NRT,288.45,5.7,N
23.80859,86.33223,300.89,1.5,1.21,2026-08-16,2148,Aqua,MODIS,17,6.1NRT,280.56,5.71,N
32.41187,75.7207,310.73,2.23,1.45,2026-08-17,0429,Terra,MODIS,64,6.1NRT,291.25,16.42,D
8.68807,78.08659,316.71,1.01,1.01,2026-08-17,1017,Aqua,MODIS,73,6.1NRT,271.34,13.16,D
8.68674,78.0777,326.51,1.01,1.01,2026-08-17,1017,Aqua,MODIS,83,6.1NRT,273.49,23.26,D
9.88544,77.8684,328.88,1.01,1.01,2026-08-17,1017,Aqua,MODIS,80,6.1NRT,306.54,8.91,D
14.25446,79.73466,316.54,1.13,1.06,2026-08-17,1017,Aqua,MODIS,50,6.1NRT,292.79,9.15,D
13.83338,79.28583,307.83,1.08,1.04,2026-08-17,1017,Aqua,MODIS,29,6.1NRT,274.67,6.62,D
10.8723,78.80228,321.03,1.01,1,2026-08-17,1017,Aqua,MODIS,63,6.1NRT,298.42,9.05,D
10.41823,77.10679,314.83,1.05,1.02,2026-08-17,1017,Aqua,MODIS,66,6.1NRT,290.35,10.92,D
9.31276,77.37868,313.25,1.05,1.02,2026-08-17,1017,Aqua,MODIS,43,6.1NRT,287.4,5.48,D
12.69752,77.96246,304.24,1,1,2026-08-17,1524,Terra,MODIS,59,6.1NRT,292.16,4.21,N
11.62409,77.01492,300.85,1.04,1.02,2026-08-17,1524,Terra,MODIS,15,6.1NRT,288.99,4.23,N
15.17453,76.66125,301.91,1.02,1.01,2026-08-17,1524,Terra,MODIS,30,6.1NRT,281.72,3.48,N
13.82752,79.28107,310.45,1.01,1.01,2026-08-18,0334,Terra,MODIS,42,6.1NRT,288.11,5.77,D
9.79235,77.42022,314.26,1,1,2026-08-18,0336,Terra,MODIS,50,6.1NRT,299.24,5.09,D
9.86454,77.70525,319.65,1,1,2026-08-18,0336,Terra,MODIS,69,6.1NRT,302.21,4.86,D
8.64668,77.894,318.34,1,1,2026-08-18,0336,Terra,MODIS,32,6.1NRT,302.94,5.49,D
8.73371,77.6069,372.48,2.43,1.5,2026-08-19,0954,Aqua,MODIS,100,6.1NRT,298.01,407.79,D
8.73011,77.58573,364.59,2.44,1.51,2026-08-19,0954,Aqua,MODIS,100,6.1NRT,298.33,318.3,D
20.96238,85.18019,318.32,1.33,1.14,2026-08-19,0956,Aqua,MODIS,71,6.1NRT,294.5,12.95,D
8.74178,77.60125,344.38,2.18,1.43,2026-08-19,1501,Terra,MODIS,100,6.1NRT,294.61,148.6,N
8.73874,77.58217,313.39,2.19,1.43,2026-08-19,1501,Terra,MODIS,85,6.1NRT,293.92,26.6,N
8.73739,77.58868,329.86,2.19,1.43,2026-08-19,1501,Terra,MODIS,100,6.1NRT,294.24,78.34,N
8.74028,77.60776,335.78,2.18,1.43,2026-08-19,1501,Terra,MODIS,100,6.1NRT,294.44,103.17,N
22.7938,86.20891,305.66,1.01,1,2026-08-19,2203,Aqua,MODIS,65,6.1NRT,293.33,4.53,N
22.36842,87.30238,306.33,1.01,1.01,2026-08-19,2203,Aqua,MODIS,59,6.1NRT,290.39,4.57,N
20.9731,86.00863,304.29,1,1,2026-08-19,2203,Aqua,MODIS,59,6.1NRT,292.94,3.75,N
20.95744,86.05356,306.56,1,1,2026-08-19,2203,Aqua,MODIS,68,6.1NRT,292.78,5.04,N
20.89182,84.98264,304.21,1.04,1.02,2026-08-19,2203,Aqua,MODIS,59,6.1NRT,290.21,4.5,N
20.762,85.29755,304.51,1.02,1.01,2026-08-19,2203,Aqua,MODIS,60,6.1NRT,292.44,3.99,N
22.38011,87.285,305.2,1.01,1.01,2026-08-19,2203,Aqua,MODIS,51,6.1NRT,289.55,3.94,N
23.76121,86.40679,304.56,1.01,1,2026-08-19,2203,Aqua,MODIS,61,6.1NRT,285.44,5.52,N
23.78065,86.21444,302.98,1.01,1.01,2026-08-19,2203,Aqua,MODIS,49,6.1NRT,282.31,5.09,N
23.73952,86.43232,301.57,1.01,1,2026-08-19,2203,Aqua,MODIS,23,6.1NRT,281.97,3.39,N
23.68121,86.4028,302.25,1.01,1,2026-08-19,2203,Aqua,MODIS,33,6.1NRT,280.05,4.25,N
8.75209,77.59518,306.91,2.05,1.39,2026-08-19,2210,Aqua,MODIS,68,6.1NRT,292.88,14.7,N
8.74962,77.61304,308.57,2.04,1.39,2026-08-19,2210,Aqua,MODIS,75,6.1NRT,292.88,17.17,N
8.73991,77.59354,307.15,2.05,1.39,2026-08-19,2210,Aqua,MODIS,49,6.1NRT,293.06,14.03,N
8.73745,77.61146,310.36,2.04,1.39,2026-08-19,2210,Aqua,MODIS,80,6.1NRT,293.35,19.65,N
23.68589,86.39312,307.59,1.01,1,2026-08-20,0313,Terra,MODIS,0,6.1NRT,288.87,3.9,D
23.76769,86.40354,309.53,1.01,1,2026-08-20,0313,Terra,MODIS,32,6.1NRT,285.08,4.83,D
23.7589,86.40206,310.28,1.01,1,2026-08-20,0313,Terra,MODIS,43,6.1NRT,284.65,5.33,D
23.77794,86.20943,311.62,1,1,2026-08-20,0313,Terra,MODIS,63,6.1NRT,292.16,6.19,D
23.71529,86.45361,311.13,1.01,1,2026-08-20,0313,Terra,MODIS,59,6.1NRT,289.73,5.33,D
23.67621,86.08837,316.55,1,1,2026-08-20,0313,Terra,MODIS,71,6.1NRT,293.58,9.86,D
22.5621,88.18186,313.61,1.17,1.08,2026-08-20,0315,Terra,MODIS,63,6.1NRT,293.69,8.05,D
22.37899,87.28224,315.76,1.07,1.03,2026-08-20,0315,Terra,MODIS,48,6.1NRT,294.8,8.45,D
22.36686,87.3009,313.65,1.08,1.04,2026-08-20,0315,Terra,MODIS,37,6.1NRT,294.17,6.53,D
20.99708,86.01276,310.39,1.02,1.01,2026-08-20,0315,Terra,MODIS,55,6.1NRT,294.39,4.56,D
20.97058,86.00843,313.13,1.02,1.01,2026-08-20,0315,Terra,MODIS,63,6.1NRT,294.35,6.14,D
20.94733,86.04345,313.18,1.02,1.01,2026-08-20,0315,Terra,MODIS,61,6.1NRT,295.06,5.54,D
20.94592,86.05294,312.7,1.02,1.01,2026-08-20,0315,Terra,MODIS,62,6.1NRT,295.23,5.25,D
8.74104,77.59418,323.06,1.73,1.29,2026-08-20,0317,Terra,MODIS,74,6.1NRT,299.22,22.67,D
8.73907,77.60947,324.51,1.73,1.29,2026-08-20,0317,Terra,MODIS,76,6.1NRT,299.28,26.36,D
11.64482,79.12388,331.2,1.69,1.28,2026-08-20,1032,Aqua,MODIS,83,6.1NRT,297.09,44.92,D
8.73907,77.60104,308.76,1.38,1.16,2026-08-20,1541,Terra,MODIS,74,6.1NRT,286.65,12.28,N
15.18186,76.6703,306.78,1.46,1.19,2026-08-20,1544,Terra,MODIS,69,6.1NRT,291.35,10.19,N
26.83461,84.37882,311.95,2.42,1.5,2026-08-21,0349,Terra,MODIS,59,6.1NRT,291.4,16.37,D
13.22234,77.77236,309.27,1.47,1.2,2026-08-21,0353,Terra,MODIS,37,6.1NRT,292.47,7.86,D
18.68743,73.04137,310.21,1.09,1.04,2026-08-21,0353,Terra,MODIS,0,6.1NRT,295.19,6.42,D
17.29645,78.43307,313.19,1.4,1.17,2026-08-21,0353,Terra,MODIS,28,6.1NRT,294.73,8.02,D
12.66397,77.79389,310.24,1.51,1.21,2026-08-21,0355,Terra,MODIS,53,6.1NRT,293.85,8.23,D
23.66924,86.08492,317.57,1.01,1,2026-08-21,0934,Aqua,MODIS,46,6.1NRT,296.27,7.56,D
23.64456,85.44167,312.17,1.03,1.02,2026-08-21,0934,Aqua,MODIS,43,6.1NRT,294.31,5.96,D
23.79782,86.32898,321.4,1,1,2026-08-21,0934,Aqua,MODIS,71,6.1NRT,296.84,10.89,D
23.75385,85.85823,312.4,1.01,1.01,2026-08-21,0934,Aqua,MODIS,58,6.1NRT,289.63,6.03,D
22.37679,87.27921,306.4,1.27,1.12,2026-08-22,0253,Terra,MODIS,40,6.1NRT,278.89,5.63,D
9.28012,77.34354,323.16,1.28,1.12,2026-08-22,1009,Aqua,MODIS,38,6.1NRT,294.55,18.04,D
9.27859,77.33371,321.4,1.28,1.12,2026-08-22,1009,Aqua,MODIS,25,6.1NRT,294.71,16.98,D
10.49534,79.24933,319.01,1.02,1.01,2026-08-22,1009,Aqua,MODIS,60,6.1NRT,298.52,7.89,D
11.66759,78.67307,323.52,1.04,1.02,2026-08-22,1009,Aqua,MODIS,69,6.1NRT,297.06,16.11,D
11.66617,78.66376,335.69,1.04,1.02,2026-08-22,1009,Aqua,MODIS,86,6.1NRT,299.75,33,D
11.71475,78.68454,328.09,1.04,1.02,2026-08-22,1009,Aqua,MODIS,75,6.1NRT,297.17,20.5,D
11.7236,78.68299,321.27,1.04,1.02,2026-08-22,1009,Aqua,MODIS,63,6.1NRT,297.51,13.43,D
11.88612,79.33543,327.53,1.01,1,2026-08-22,1009,Aqua,MODIS,79,6.1NRT,300.44,14.48,D
12.25268,78.99024,321.58,1.02,1.01,2026-08-22,1009,Aqua,MODIS,44,6.1NRT,300.76,5.42,D
29.45206,76.86165,321.58,1.03,1.02,2026-08-22,1015,Aqua,MODIS,65,6.1NRT,300.07,11.01,D
30.46959,73.86306,319.25,1.05,1.02,2026-08-22,1015,Aqua,MODIS,46,6.1NRT,301.14,6.74,D
9.27866,77.32851,304.5,1.07,1.03,2026-08-22,1522,Terra,MODIS,41,6.1NRT,290.8,4.29,N
9.65672,77.39232,320.45,1.06,1.03,2026-08-22,1522,Terra,MODIS,100,6.1NRT,288.29,21.01,N
9.70019,77.43598,313.12,1.05,1.03,2026-08-22,1522,Terra,MODIS,86,6.1NRT,289.2,11.69,N
15.17747,76.67934,314.5,1.03,1.01,2026-08-22,1524,Terra,MODIS,89,6.1NRT,290.42,10.44,N
15.22705,76.75935,303.82,1.02,1.01,2026-08-22,1524,Terra,MODIS,57,6.1NRT,289.64,4.16,N
21.10824,72.64632,301.91,1.35,1.15,2026-08-22,1524,Terra,MODIS,13,6.1NRT,289.62,6.33,N
29.45829,76.86964,319.27,1.15,1.07,2026-08-22,1526,Terra,MODIS,98,6.1NRT,296.1,15.72,N
29.45693,76.85818,311.35,1.14,1.07,2026-08-22,1526,Terra,MODIS,78,6.1NRT,296.15,7.62,N
21.74885,83.85003,300.1,1.04,1.02,2026-08-22,2220,Aqua,MODIS,6,6.1NRT,278.85,3.82,N
21.75038,83.84035,302.77,1.04,1.02,2026-08-22,2220,Aqua,MODIS,45,6.1NRT,279.14,5.12,N
9.12686,77.60653,321.12,1,1,2026-08-23,0334,Terra,MODIS,65,6.1NRT,300.52,8.51,D
10.95298,77.01509,308.89,1.04,1.02,2026-08-23,0334,Terra,MODIS,53,6.1NRT,274.39,7.99,D
23.69333,87.12032,304.06,1.29,1.13,2026-08-23,1427,Terra,MODIS,13,6.1NRT,287.7,7.38,N
32.39951,75.70441,311.52,1.48,1.2,2026-08-24,0954,Aqua,MODIS,17,6.1NRT,296.07,7.03,D
25.94186,72.1828,309.57,1.08,1.04,2026-08-25,1544,Terra,MODIS,71,6.1NRT,297.86,5.22,N
25.94316,72.19324,325.59,1.08,1.04,2026-08-25,1544,Terra,MODIS,100,6.1NRT,298.21,21.39,N
11.40139,77.46828,300.3,1.04,1.02,2026-08-25,2240,Aqua,MODIS,17,6.1NRT,287.22,3.37,N
12.75397,76.88705,309.63,1.27,1.12,2026-08-26,0353,Terra,MODIS,63,6.1NRT,290.77,5.22,D
21.75373,83.84193,313.6,1.66,1.27,2026-08-26,0928,Aqua,MODIS,56,6.1NRT,292.64,11.49,D
20.8637,84.9892,307.93,1.05,1.02,2026-08-26,1444,Terra,MODIS,66,6.1NRT,292.22,5.94,N
20.96287,86.01005,307.72,1,1,2026-08-26,1444,Terra,MODIS,57,6.1NRT,293.5,4.14,N
20.95059,86.05023,307.47,1,1,2026-08-26,1444,Terra,MODIS,59,6.1NRT,293.62,4.14,N
20.96317,85.17108,313.74,1.04,1.02,2026-08-26,1444,Terra,MODIS,87,6.1NRT,294.04,8.83,N
20.96456,85.18073,310.58,1.04,1.02,2026-08-26,1444,Terra,MODIS,79,6.1NRT,293.65,6.52,N
20.96594,85.19036,309.52,1.04,1.02,2026-08-26,1444,Terra,MODIS,76,6.1NRT,293.26,6.02,N
20.97398,85.17289,313.08,1.04,1.02,2026-08-26,1444,Terra,MODIS,86,6.1NRT,293.4,8.78,N
20.97351,85.18336,301.97,3.08,1.67,2026-08-26,2138,Aqua,MODIS,26,6.1NRT,287.51,17.78,N
29.65053,76.97887,303.85,1.75,1.3,2026-08-26,2312,Aqua,MODIS,57,6.1NRT,289.32,8.3,N
33.6073,77.7849,304.46,2.71,1.58,2026-08-27,0427,Terra,MODIS,20,6.1NRT,288.78,11.92,D
9.38066,77.55781,319.37,1.64,1.26,2026-08-27,1004,Aqua,MODIS,34,6.1NRT,295.85,12.51,D
11.17951,78.23668,318.15,1.37,1.16,2026-08-27,1004,Aqua,MODIS,30,6.1NRT,296.1,10.52,D
21.74315,83.8423,314.86,1.52,1.22,2026-08-27,1006,Aqua,MODIS,50,6.1NRT,277.11,18.05,D
18.53371,74.40224,305.2,1.2,1.09,2026-08-27,1522,Terra,MODIS,63,6.1NRT,290.52,7.22,N
18.58396,74.44306,309.16,1.19,1.08,2026-08-27,1522,Terra,MODIS,77,6.1NRT,291.68,10.03,N
29.92134,74.95511,303.46,4.5,1.95,2026-08-27,2212,Aqua,MODIS,55,6.1NRT,292.84,34.97,N
16.065,79.70681,317.81,1,1,2026-08-28,0332,Terra,MODIS,58,6.1NRT,300.26,5.6,D
15.33159,79.23282,316.58,1,1,2026-08-28,0332,Terra,MODIS,59,6.1NRT,299.11,6.62,D
15.91515,79.33801,318.43,1,1,2026-08-28,0332,Terra,MODIS,62,6.1NRT,299.97,5.79,D
16.02722,79.71971,321.31,1,1,2026-08-28,0332,Terra,MODIS,65,6.1NRT,299.61,8.95,D
9.3496,77.55766,321,1.01,1,2026-08-28,0334,Terra,MODIS,70,6.1NRT,303.45,6.5,D
8.94464,78.01625,321.99,1,1,2026-08-28,0334,Terra,MODIS,72,6.1NRT,304.25,7.27,D
8.70993,77.97327,331.28,1,1,2026-08-28,0334,Terra,MODIS,84,6.1NRT,301.53,19,D
10.14434,77.74384,330.28,1.01,1,2026-08-28,0334,Terra,MODIS,79,6.1NRT,303.05,18.76,D
8.70113,77.97204,319.8,1,1,2026-08-28,0334,Terra,MODIS,72,6.1NRT,300.36,6.27,D
11.24578,78.18089,316.5,1,1,2026-08-28,0334,Terra,MODIS,63,6.1NRT,295.56,5.5,D
12.10217,76.99417,309.2,1.08,1.04,2026-08-28,0334,Terra,MODIS,51,6.1NRT,292.99,5.61,D
13.82107,79.2636,321.69,1,1,2026-08-28,0334,Terra,MODIS,59,6.1NRT,297.73,15.31,D
22.0128,85.49667,309.31,3.25,1.7,2026-08-28,0907,Aqua,MODIS,48,6.1NRT,288.83,22.53,D
22.02734,85.49293,309.65,3.25,1.7,2026-08-28,0907,Aqua,MODIS,52,6.1NRT,288.95,24.28,D
8.89478,77.84936,323.55,1.76,1.3,2026-08-28,1043,Aqua,MODIS,73,6.1NRT,301.87,18.54,D
15.17688,76.67044,301.97,1.31,1.13,2026-08-28,2254,Aqua,MODIS,43,6.1NRT,291.29,4.91,N
15.17881,76.65878,302.66,1.3,1.13,2026-08-28,2254,Aqua,MODIS,51,6.1NRT,291.39,5.52,N
22.36086,87.30412,310.17,1.04,1.02,2026-08-30,0310,Terra,MODIS,55,6.1NRT,286.64,5.59,D
23.6914,87.11943,309.47,1.02,1.01,2026-08-30,0310,Terra,MODIS,46,6.1NRT,286.72,4.9,D
23.75946,86.40434,308.56,1,1,2026-08-30,0310,Terra,MODIS,0,6.1NRT,285.92,3.64,D
34.21593,75.06476,301.57,3.57,1.77,2026-08-30,0444,Terra,MODIS,35,6.1NRT,283.48,24.13,D
13.83607,79.33176,316.14,1.11,1.05,2026-08-30,1019,Aqua,MODIS,63,6.1NRT,296.68,7.56,D
13.80798,79.26424,318.04,1.1,1.05,2026-08-30,1019,Aqua,MODIS,68,6.1NRT,295.32,10.84,D
13.81712,79.26302,316.18,1.1,1.05,2026-08-30,1019,Aqua,MODIS,41,6.1NRT,296.71,9.17,D
14.89212,79.23489,324.37,1.12,1.06,2026-08-30,1019,Aqua,MODIS,75,6.1NRT,295.41,16,D
21.10721,72.64541,315.5,1.24,1.11,2026-08-30,1021,Aqua,MODIS,50,6.1NRT,298.32,8.91,D
21.09762,72.64725,315.13,1.24,1.11,2026-08-30,1021,Aqua,MODIS,0,6.1NRT,297.76,8.45,D
30.44973,73.827,334.71,1.01,1,2026-08-30,1024,Aqua,MODIS,85,6.1NRT,301.56,25.73,D
18.66535,74.04346,308.12,1.08,1.04,2026-08-30,1541,Terra,MODIS,74,6.1NRT,292.22,8.34,N
10.44773,77.48201,303.87,1.01,1,2026-08-30,2231,Aqua,MODIS,57,6.1NRT,290.91,5.53,N
9.26145,78.27647,325,1.74,1.29,2026-08-31,0353,Terra,MODIS,79,6.1NRT,306.86,16.75,D
15.82576,79.85383,327.58,1.2,1.09,2026-09-01,0958,Aqua,MODIS,73,6.1NRT,301.43,16.92,D
14.59311,79.73858,320.28,1.27,1.12,2026-09-01,0958,Aqua,MODIS,67,6.1NRT,296.1,13.81,D
15.8293,79.84788,327.66,1.2,1.09,2026-09-01,0958,Aqua,MODIS,66,6.1NRT,302.1,15.63,D
15.82406,79.84303,322.78,1.2,1.09,2026-09-01,0958,Aqua,MODIS,50,6.1NRT,301.52,11.75,D
24.52235,75.94724,311.67,1.51,1.21,2026-09-01,1002,Aqua,MODIS,64,6.1NRT,292.08,9.39,D
9.58932,77.54208,306.04,1.08,1.04,2026-09-01,1518,Terra,MODIS,63,6.1NRT,294.49,3.45,N
9.58157,77.5496,314.22,1.08,1.04,2026-09-01,1518,Terra,MODIS,88,6.1NRT,294.42,9.63,N
9.57112,77.54124,310.81,1.09,1.04,2026-09-01,1518,Terra,MODIS,67,6.1NRT,295.29,7.42,N
9.58024,77.54022,319.03,1.09,1.04,2026-09-01,1518,Terra,MODIS,98,6.1NRT,293.91,14.8,N
18.56091,74.30686,300.84,1.24,1.11,2026-09-01,1522,Terra,MODIS,34,6.1NRT,290.6,4.06,N
18.50253,74.20557,303.39,1.26,1.12,2026-09-01,1522,Terra,MODIS,46,6.1NRT,291.7,5.07,N
18.49282,74.2073,306.6,1.26,1.12,2026-09-01,1522,Terra,MODIS,69,6.1NRT,291.84,8,N
18.45231,74.41891,305.32,1.23,1.1,2026-09-01,1522,Terra,MODIS,64,6.1NRT,290.63,6.4,N
18.454,74.43011,327.17,1.23,1.1,2026-09-01,1522,Terra,MODIS,100,6.1NRT,291.43,32.12,N
17.95656,80.79465,313.96,1.01,1,2026-09-02,0330,Terra,MODIS,70,6.1NRT,292.87,6.71,D
10.05997,77.48689,316.13,1.03,1.01,2026-09-02,0332,Terra,MODIS,62,6.1NRT,296.17,6.26,D
10.77215,78.89324,326.07,1,1,2026-09-02,0332,Terra,MODIS,74,6.1NRT,300.95,13.09,D
11.59171,77.2715,314.09,1.06,1.03,2026-09-02,0332,Terra,MODIS,58,6.1NRT,296.23,8.56,D
12.25058,77.16926,311.24,1.09,1.04,2026-09-02,0332,Terra,MODIS,53,6.1NRT,293.29,6.09,D
12.06543,79.60217,318.69,1.01,1.01,2026-09-02,0332,Terra,MODIS,64,6.1NRT,294.53,8.52,D
14.75673,79.6914,319.24,1,1,2026-09-02,0332,Terra,MODIS,70,6.1NRT,296.23,5.96,D
9.29323,77.48998,321.49,1.02,1.01,2026-09-02,0334,Terra,MODIS,72,6.1NRT,302.15,7.35,D
8.39961,77.68332,325.75,1.01,1,2026-09-02,0334,Terra,MODIS,77,6.1NRT,304.31,10.58,D
8.26962,77.61638,323.86,1.01,1,2026-09-02,0334,Terra,MODIS,76,6.1NRT,303.16,10.02,D
12.09725,77.06553,316.63,1.29,1.13,2026-09-02,1034,Aqua,MODIS,54,6.1NRT,294.71,11.21,D
15.18183,76.66988,305.82,1.06,1.03,2026-09-02,2246,Aqua,MODIS,65,6.1NRT,291.39,5.39,N
15.18033,76.67941,304.8,1.06,1.03,2026-09-02,2246,Aqua,MODIS,27,6.1NRT,291.56,4.73,N
15.18333,76.66036,304.19,1.06,1.03,2026-09-02,2246,Aqua,MODIS,26,6.1NRT,291.55,4.18,N
27.3769,95.34052,309.74,1.08,1.04,2026-09-03,0228,Terra,MODIS,46,6.1NRT,289.96,5.24,D
29.90999,74.94506,321.82,1.07,1.03,2026-09-03,0406,Terra,MODIS,68,6.1NRT,297.75,13.22,D
29.9098,74.95193,314.59,3.34,1.72,2026-09-03,0939,Aqua,MODIS,60,6.1NRT,291.04,48.91,D
23.67901,86.394,318.19,1,1,2026-09-03,0939,Aqua,MODIS,0,6.1NRT,296,10.45,D
23.70473,86.44762,315.73,1,1,2026-09-03,0939,Aqua,MODIS,72,6.1NRT,296.46,7.61,D
23.73263,86.43703,313.69,1,1,2026-09-03,0939,Aqua,MODIS,54,6.1NRT,294.72,7.89,D
23.77018,86.20729,310.01,1,1,2026-09-03,0939,Aqua,MODIS,59,6.1NRT,292.93,3.71,D
23.76878,86.19783,310.67,1,1,2026-09-03,0939,Aqua,MODIS,62,6.1NRT,292.73,4.41,D
23.8012,86.33105,316.91,1,1,2026-09-03,0939,Aqua,MODIS,62,6.1NRT,296.69,8.56,D
20.79402,85.25333,309.46,1.31,1.13,2026-09-03,1501,Terra,MODIS,77,6.1NRT,290.47,9.82,N
20.965,86.0109,315.98,1.47,1.2,2026-09-03,1501,Terra,MODIS,92,6.1NRT,290.42,21.12,N
23.76543,86.40535,306.51,1.71,1.28,2026-09-03,1501,Terra,MODIS,42,6.1NRT,290.9,10.39,N
23.76469,86.39982,309,1.71,1.28,2026-09-03,1501,Terra,MODIS,53,6.1NRT,291.14,13.02,N
23.80301,86.32922,302.27,1.69,1.28,2026-09-03,1501,Terra,MODIS,18,6.1NRT,285,6.61,N
23.76729,86.40344,305.8,1.91,1.35,2026-09-03,2144,Aqua,MODIS,51,6.1NRT,289.21,12.36,N
20.9705,85.17382,301.86,2.15,1.42,2026-09-03,2144,Aqua,MODIS,20,6.1NRT,287.17,15.42,N
23.77426,86.20771,313.6,1,1,2026-09-04,0308,Terra,MODIS,66,6.1NRT,294.85,6.41,D
23.80202,86.32944,315.4,1,1,2026-09-04,0308,Terra,MODIS,69,6.1NRT,294.31,7.69,D
23.76486,86.40143,321.42,1,1,2026-09-04,0308,Terra,MODIS,77,6.1NRT,296.01,11.68,D
23.78305,86.20914,312.36,1,1,2026-09-04,0308,Terra,MODIS,47,6.1NRT,294.62,5.02,D
23.75806,85.85587,312.45,1.01,1,2026-09-04,0308,Terra,MODIS,49,6.1NRT,294.07,6.12,D
23.64901,85.4397,313.41,1.03,1.01,2026-09-04,0308,Terra,MODIS,66,6.1NRT,292.74,7.61,D
20.9687,86.0076,317.58,1,1,2026-09-04,0308,Terra,MODIS,72,6.1NRT,295.78,9.59,D
20.96736,86.01695,313.32,1,1,2026-09-04,0308,Terra,MODIS,39,6.1NRT,295.84,5.68,D
20.9532,86.05294,314.46,1,1,2026-09-04,0308,Terra,MODIS,61,6.1NRT,295.5,6.29,D
27.72401,94.38616,307.63,1.89,1.34,2026-09-04,0839,Aqua,MODIS,49,6.1NRT,291.9,10.09,D
9.13545,77.60182,325.89,1.2,1.09,2026-09-04,1011,Aqua,MODIS,72,6.1NRT,303.29,9.79,D
9.96503,77.89649,325.22,1.13,1.06,2026-09-04,1011,Aqua,MODIS,78,6.1NRT,293.98,12.21,D
15.17327,76.85405,316.02,1.11,1.05,2026-09-04,1013,Aqua,MODIS,35,6.1NRT,290.19,7.75,D
22.35558,82.3031,309.34,1.68,1.28,2026-09-04,1017,Aqua,MODIS,56,6.1NRT,292,9.06,D
25.93598,72.1917,324.63,1.41,1.17,2026-09-04,1017,Aqua,MODIS,66,6.1NRT,302.75,10.29,D
22.35515,82.29759,310.67,1.68,1.28,2026-09-04,1017,Aqua,MODIS,61,6.1NRT,292.19,11.76,D
29.90577,74.94418,318.27,1,1,2026-09-04,1019,Aqua,MODIS,35,6.1NRT,300.9,6.63,D
29.90727,74.95418,319.63,1,1,2026-09-04,1019,Aqua,MODIS,55,6.1NRT,302.84,7.68,D
27.38005,95.33138,305.95,1,1,2026-09-04,1403,Terra,MODIS,65,6.1NRT,292.75,3.91,N
18.58028,74.33064,306.26,1.09,1.04,2026-09-04,1539,Terra,MODIS,67,6.1NRT,292.1,6.24,N
18.579,74.32064,314.91,1.09,1.04,2026-09-04,1539,Terra,MODIS,90,6.1NRT,292.1,13.47,N
23.16555,82.34685,300.22,1,1,2026-09-04,2222,Aqua,MODIS,22,6.1NRT,289.9,3.16,N
20.96161,85.18471,304.59,1.24,1.11,2026-09-04,2225,Aqua,MODIS,13,6.1NRT,292.66,4.89,N
20.7979,85.25365,308.23,1.25,1.11,2026-09-04,2225,Aqua,MODIS,59,6.1NRT,292.18,7.94,N
20.79331,85.25916,309.63,1.26,1.11,2026-09-04,2225,Aqua,MODIS,77,6.1NRT,292.55,9.3,N
15.18394,76.66965,303.16,1.48,1.2,2026-09-04,2225,Aqua,MODIS,54,6.1NRT,292.85,6.71,N
20.96352,85.17329,306.97,1.24,1.1,2026-09-04,2225,Aqua,MODIS,44,6.1NRT,292.92,6.65,N
21.74618,83.85062,309.2,1.06,1.03,2026-09-04,2225,Aqua,MODIS,33,6.1NRT,292.18,8.04,N
21.74775,83.8408,315.68,1.06,1.03,2026-09-04,2225,Aqua,MODIS,47,6.1NRT,291.79,14.43,N
21.76573,84.02293,304.68,1.07,1.03,2026-09-04,2225,Aqua,MODIS,61,6.1NRT,292.13,5.24,N
21.92732,83.35169,304.84,1.02,1.01,2026-09-04,2225,Aqua,MODIS,62,6.1NRT,292.38,4.9,N
20.9731,85.17515,311.21,1.24,1.1,2026-09-04,2225,Aqua,MODIS,66,6.1NRT,292.9,10.3,N
11.02083,77.72265,305.16,1.13,1.06,2026-09-04,2227,Aqua,MODIS,63,6.1NRT,293.01,5.14,N
21.75474,83.83316,310.14,2.56,1.54,2026-09-05,0349,Terra,MODIS,48,6.1NRT,292.4,17.86,D
20.96987,85.16982,312.77,3.35,1.73,2026-09-05,0349,Terra,MODIS,47,6.1NRT,290.68,32.88,D
19.02069,72.88979,307.93,1.19,1.09,2026-09-05,0349,Terra,MODIS,27,6.1NRT,292.16,5.93,D
17.48004,78.90983,316.59,1.36,1.15,2026-09-05,0349,Terra,MODIS,67,6.1NRT,295.83,10.54,D
17.4799,78.91657,314.32,1.36,1.16,2026-09-05,0349,Terra,MODIS,54,6.1NRT,295.67,7.93,D
17.26519,78.77831,313.3,1.34,1.15,2026-09-05,0349,Terra,MODIS,57,6.1NRT,295.25,8.03,D
14.92661,77.8449,316.67,1.27,1.12,2026-09-05,0349,Terra,MODIS,56,6.1NRT,298.15,8.87,D
14.92483,77.85633,314.81,1.28,1.12,2026-09-05,0349,Terra,MODIS,44,6.1NRT,298.15,6.61,D
12.66423,77.79878,314.29,1.36,1.16,2026-09-05,0349,Terra,MODIS,59,6.1NRT,296.23,7.98,D
12.66614,77.79315,313.21,1.36,1.16,2026-09-05,0349,Terra,MODIS,44,6.1NRT,296.46,6.42,D
12.58552,77.84337,312.88,1.38,1.16,2026-09-05,0351,Terra,MODIS,57,6.1NRT,296.42,8.48,D
10.67079,77.68202,322.25,1.44,1.19,2026-09-05,0351,Terra,MODIS,74,6.1NRT,299.97,11.73,D
21.10401,72.64534,321.77,1.57,1.24,2026-09-05,1053,Aqua,MODIS,0,6.1NRT,294.64,25.13,D
23.75722,86.4012,311.33,1,1,2026-09-05,1442,Terra,MODIS,58,6.1NRT,295.04,6.12,N
23.78217,86.38734,309.78,1,1,2026-09-05,1442,Terra,MODIS,36,6.1NRT,294.38,4.9,N
23.64939,85.4342,308.1,1.01,1.01,2026-09-05,1442,Terra,MODIS,71,6.1NRT,293.54,5.69,N
23.77491,86.20368,308.21,1,1,2026-09-05,1442,Terra,MODIS,71,6.1NRT,294.97,5.12,N
23.75558,85.85075,307.52,1,1,2026-09-05,1442,Terra,MODIS,71,6.1NRT,294.51,4.68,N
23.8038,86.32922,313.77,1,1,2026-09-05,1442,Terra,MODIS,88,6.1NRT,295,8.92,N
19.09957,82.16705,305.99,1.69,1.28,2026-09-05,1442,Terra,MODIS,66,6.1NRT,288.58,10.78,N
19.09952,82.16135,303.18,1.69,1.28,2026-09-05,1442,Terra,MODIS,47,6.1NRT,288.92,7.58,N
20.7972,85.2582,308.96,1.06,1.03,2026-09-05,1442,Terra,MODIS,61,6.1NRT,295.86,5.43,N
20.96106,86.01121,308.39,1.02,1.01,2026-09-05,1442,Terra,MODIS,26,6.1NRT,295.37,4.94,N
20.96986,86.00974,308.63,1.02,1.01,2026-09-05,1442,Terra,MODIS,29,6.1NRT,296.16,5.03,N
20.86891,84.99461,312.43,1.09,1.04,2026-09-05,1442,Terra,MODIS,80,6.1NRT,295.87,8.79,N
20.86742,84.98457,306.78,1.09,1.04,2026-09-05,1442,Terra,MODIS,53,6.1NRT,294.89,4.27,N
20.88556,84.98139,309.56,1.09,1.04,2026-09-05,1442,Terra,MODIS,69,6.1NRT,296.02,6.57,N
20.96239,85.18746,312.6,1.07,1.03,2026-09-05,1442,Terra,MODIS,80,6.1NRT,296.27,8.53,N
20.96991,85.17601,314.66,1.07,1.03,2026-09-05,1442,Terra,MODIS,86,6.1NRT,295.76,10.01,N
20.96843,85.16607,310.74,1.07,1.03,2026-09-05,1442,Terra,MODIS,60,6.1NRT,295.95,6.67,N
21.07898,85.03888,308.45,1.08,1.04,2026-09-05,1442,Terra,MODIS,65,6.1NRT,295.93,5.61,N
21.92078,83.35056,306.95,1.27,1.12,2026-09-05,1442,Terra,MODIS,70,6.1NRT,292.3,7,N
23.66457,87.15462,309.22,1.02,1.01,2026-09-05,1442,Terra,MODIS,73,6.1NRT,293.53,5.73,N
23.6827,86.40029,307.11,1,1,2026-09-05,1442,Terra,MODIS,64,6.1NRT,294.54,4.24,N
23.67788,86.08374,307.01,1,1,2026-09-05,1442,Terra,MODIS,33,6.1NRT,294.07,3.88,N
23.73484,86.43409,313.2,1,1,2026-09-05,1442,Terra,MODIS,86,6.1NRT,295.5,7.76,N
23.70279,86.06985,312.32,1,1,2026-09-05,1442,Terra,MODIS,83,6.1NRT,291.12,8.31,N
23.76597,86.39976,316.34,1,1,2026-09-05,1442,Terra,MODIS,93,6.1NRT,295.62,9.8,N
18.6398,74.49281,301.97,1.15,1.07,2026-09-05,2301,Aqua,MODIS,46,6.1NRT,290.72,4.97,N
